whoa,3
hmm,3
our,9
first,8
anniversary,17
and,49
we're,4
more,4
in,29
love,9
than,5
ever,1
your,20
face,2
people,4
who,7
said,3
it,23
wouldn't,1
last,2
a,69
year,2
i,73
stand,1
by,8
my,28
wedding,1
toast,1
let's,4
just,16
enjoy,1
happiness,1
homie,5
accidental,1
motherhood,1
is,26
the,79
greatest,1
thing,3
that,30
can,11
happen,1
to,41
woman,3
think,2
bart's,2
finally,2
outgrown,1
his,4
misbehavior,1
oops,1
better,8
clean,1
off,6
you,71
have,12
great,6
day,3
ma'am,1
wish,1
could,5
get,15
little,2
of,31
attention,1
d'oh,1
hey,6
simpsons,1
don't,6
mean,2
be,20
pesto,1
but,14
i'll,9
happy,6
watch,5
scampi,1
shrimp,1
aw,2
thanks,4
flanders,1
got,9
warn,1
he,10
doesn't,2
talk,2
much,3
daddy,6
he's,5
not,13
nice,3
moustache,1
good,7
no,11
yell,1
fat,2
smell,1
like,15
beer,2
teach,1
speak,1
complete,1
sentences,1
m'lady,1
let,4
me,19
escort,1
heaven,1
fancy,1
swiss,1
chocolate,1
store,3
on,27
level,1
three,5
oh,20
homer,5
you're,10
anchor,1
heart,2
call,1
borders,1
books,1
cause,1
always,2
here,7
haw,2
word,2
what,20
wonderful,4
yep,1
we've,1
something,5
money,3
can't,4
buy,4
train,16
promise,1
each,3
will,3
they,2
back,6
sometimes,2
say,4
hell,4
with,16
rules,1
somehow,1
anniversaries,1
didn't,3
one,9
wait,5
named,2
after,2
yeah,8
we,9
did,5
bart,1
anyway,1
this,26
i'm,19
gonna,5
re,1
create,1
magical,1
ending,1
romantic,3
ride,3
why,8
are,18
taking,1
away,3
afraid,2
rides,1
anymore,1
so,13
replacing,1
makes,1
sends,1
food,2
court,1
step,1
right,11
up,6
medical,1
marijuana,1
nausea,2
friend,1
everyone's,2
malady,1
son,1
uh,6
had,3
forgot,3
memory,1
loss,1
brain,1
tumor,1
take,5
go,10
see,7
fantasia,1
kids,6
i've,7
only,3
ideas,1
marrying,1
mother,1
using,2
hot,1
dog,1
as,8
straw,1
sir,1
need,1
eh,1
home,3
it's,14
yours,1
sure,2
mom,6
really,4
want,5
rusted,1
out,6
kiddie,1
she,8
won't,1
make,1
look,3
beautiful,1
when,11
mall,2
was,17
young,1
dad,2
twinge,1
try,1
stay,2
from,10
unless,1
driving,1
them,2
school,1
babysitting,1
tomorrow,2
night,5
still,4
for,16
do,7
cooler,1
choo,4
lollipops,1
babies,1
where,10
going,8
baby,3
babytown,1
shake,1
they're,1
jealous,1
lardo,2
car,1
lardville,1
there's,1
such,2
place,3
okay,3
entered,1
billing,1
address,1
expiration,1
date,3
charged,1
beethovens,1
that's,7
mozart,1
dummy,1
well,7
watching,7
maggie,1
ordered,1
homer's,3
gift,3
must,1
tough,1
size,2
cuff,2
links,2
an,6
elephant,1
elephant's,1
would,2
same,6
cuffs,1
bigger,1
getting,4
him,2
case,1
favorite,1
snack,3
cakes,3
dolly,2
madison,6
marge,17
isn't,3
sassy,4
trust,1
care,4
cupcakes,1
come,2
dating,1
site,4
married,3
tired,1
old,3
dessert,1
check,1
their,2
webvertisement,1
kelly,1
at,6
end,2
her,8
wits,1
husband,4
truly,1
pits,1
relationship,1
spousal,1
zero,2
arousal,1
then,3
watched,1
commercial,2
found,2
herself,1
herschel,1
com,2
cheating,3
if,3
know,8
person,2
put,2
all,13
personal,1
information,1
web,1
now,8
hit,1
every,5
loser,2
town,2
town's,1
losers,2
mexico,1
has,4
headless,1
corpses,1
many,1
unhappy,2
men,1
how,7
sad,2
you've,1
lot,3
fish,1
wriggling,1
net,2
maybe,4
should,3
these,1
guys,4
selma,1
sin,2
replying,1
instant,1
message,1
you'll,2
excuse,1
sleazy,1
gentlemen,1
down,3
gently,1
again,6
fan,1
animation,1
lord,3
may,2
thy,2
couplings,1
forever,1
locked,1
dead,2
man,6
switch,1
never,4
used,1
amen,1
fixed,1
start,1
power,1
tools,1
done,2
dear,1
horny,1
haverbrook,1
sorry,5
interested,2
described,1
attached,1
pdf,1
hello,2
trash,1
folder,1
simpson,3
hi,1
crazy,2
happened,1
ordering,1
blow,1
surprise,3
pretend,1
coming,2
yes,1
big,1
remember,1
am,4
focused,1
laser,2
funny,1
speaking,2
lost,2
thought,3
trains,2
till,1
safe,1
expression,1
priceless,1
remembers,1
exact,1
number,1
pork,1
chops,1
freezer,1
currently,1
those,2
cyber,1
smoochers,1
wrote,1
note,1
seem,2
way,5
too,5
question,1
buying,1
cute,2
over,3
18,1
listened,1
please,3
ignore,1
sensible,1
instinct,1
continue,1
conversation,1
real,1
voice,2
worry,1
moe,3
asleep,1
sneak,1
strippers,1
tell,3
bet,1
wondering,1
stayed,1
computer,1
until,1
4,2
00,1
m,1
yelp,1
reviews,1
write,1
themselves,1
placed,1
star,2
destroy,1
pop,1
hardware,1
nothing,3
flat,1
listen,1
us,4
honest,2
other,2
about,3
huh,1
stupid,1
thinking,3
department,1
jerk,1
pay,1
help,2
um,1
writing,1
stop,1
text,1
market,1
might,1
squeezed,1
tomatoes,1
ooh,3
even,2
were,1
coincidence,1
gee,1
you'd,2
some,2
kind,2
creep,1
actually,1
perfectly,1
normal,1
looking,3
apple,1
stain,1
there,4
new,2
least,1
coffee,2
or,6
dare,1
danish,1
danishes,1
pastry,1
fast,1
very,2
clear,1
happily,1
ten,3
years,4
aluminum,2
turns,1
leftovers,1
into,1
swans,1
heck,1
saying,1
probably,1
bar,1
hammered,1
worth,1
terrific,1
glad,1
reset,1
distance,1
filter,1
15,1
25,2
miles,1
mmm,4
luckiest,1
earth,1
keeps,1
falling,1
cliff,1
living,1
guess,3
true,1
time,6
wife,2
apologize,1
life's,1
infernal,1
muddle,1
mr,2
drake,2
says,3
upton,4
rectory,2
show,3
reason,1
tv,2
sundays,1
characters,1
buxton,1
scheming,1
larder,1
keep,2
lady,1
cavendish,1
pilfering,1
aspic,1
does,3
shows,1
set,1
during,1
world,2
war,2
particularly,1
climbing,1
stairs,1
season,1
finale,2
week,1
alone,2
live,1
blog,1
save,1
sugar,1
bub,1
been,4
working,2
railroad,1
singing,1
because,2
public,2
domain,1
moe's,2
tavern,1
i'd,1
depressed,1
needs,1
hear,4
friendly,2
calling,1
moron,1
lovejoy,1
went,4
hamburger,1
whole,1
fell,1
apart,1
cooked,1
cabbage,2
quiet,1
house,2
classy,1
lisa,1
made,2
break,1
lamp,1
twisting,1
facts,1
orwellian,1
fashion,1
hour,1
grown,1
two,1
aren't,1
tattling,2
obscure,2
references,1
orwell,1
author,1
animal,1
farm,1
grampa,1
commie,1
possible,1
sizeable,1
endowment,1
hooters,1
restaurants,1
generous,2
grant,2
wife's,1
reality,1
repossesses,1
zoo,1
animals,1
taser,1
flamingo,1
believe,1
missing,1
bless,1
polly,3
shall,1
wed,1
boxing,1
eve,1
aka,1
christmas,1
forbidden,1
grounds,1
once,4
saw,1
exchange,1
pleasantries,1
egyptian,1
riding,1
master,1
follow,1
everything,1
supposed,1
use,1
free,1
amazon,1
shipping,1
password,1
perhaps,1
hasty,1
flower,1
ill,1
advised,1
alliance,1
between,1
coarse,1
irish,1
maid,1
served,1
soup,1
wrong,1
side,1
hasn't,1
since,1
hush,1
marry,2
none,2
concern,1
dowager,1
grandmum,1
cannot,1
without,1
proper,1
ring,1
mine,1
bombay,1
india,1
denuded,1
treasure,1
imperialist,1
devils,1
costumes,1
felt,1
flushed,1
television,1
sometime,1
room,4
chat,1
show's,1
turned,1
ultra,1
steamy,1
jiff,1
plenty,1
wonder,1
father,1
boy,3
threw,1
refill,1
prescription,1
where's,1
drugtown,1
part,1
that'll,1
hours,1
spend,2
commemorating,1
glorious,1
words,1
spoke,1
ago,1
worse,1
ow,1
she's,2
gone,1
everyone,1
magically,1
appear,1
wow,1
shrub,1
costume,2
sell,1
em,1
internet,1
minded,1
lay,1
track,1
best,1
holding,1
arms,1
tonight,2
800,1
pounds,1
cut,1
movie,1
cleaning,1
stick,1
belly,1
kitten,1
sweet,1
settling,1
run,1
bring,1
kid,2
guy,2
head,1
bye,1
someday,1
awfully,1
low,1
cold,1
fine,2
nelson,1
riddle,1
orchestra,1
leave,1
key,1
point,1
life,2
suck,1
smile,1
goes,1
who's,1
partner,1
feels,1
god,1
we'll,1
fix,1
marriage,2
ugh,1
moment,1
derailed,1
bipolar,1
express,1
heard,1
ramona,2
asked,1
lived,1
dreamed,1
confront,1
eater,1
hall,2
oates,2
warned,1
what's,1
british,1
together,1
drama,3
naughty,1
comedy,1
dodged,1
bullet,1
sugarpants,1
ben,2
learned,1
secret,2
secrets,3
except,1
marathon,1
26,1
often,1
online,1
lindsay,1
wagner's,1
fabulous,1
pushed,1
swing,1
broke,1
wrist,1
margie,1
coochie,1
cooing,1
connecting,1
flight,1
delayed,1
drunk,1
admiral's,1
club,1
fighting,1
means,1
course,1
through,1
computer's,1
browsing,1
history,1
exists,1
honey,1
trying,1
needed,1
feeling,1
lonely,1
bored,1
ignored,1
boo,1
hoo,1
building,1
conquered,1
lined,1
selma達続b達続88,1
smokin,1
wasn't,1
jokin,1
find,1
deserve,1
awesome,1
regret,1
grampa's,1
song,1
mill,1
stream,2
river,1
second,1
shh,1
